{"cameraMode":{"drawMode":0,"name":"Shaded","section":"Shading Mode"},"sceneLighting":false,"audioPlay":false,"sceneViewState":{"m_AlwaysRefresh":false,"showFog":true,"showSkybox":false,"showFlares":true,"showImageEffects":true,"showParticleSystems":true,"showVisualEffectGraphs":true,"m_FxEnabled":true},"in2DMode":false,"pivot":{"x":2.7397499084472658,"y":0.7725303173065186,"z":1.4091054201126099},"rotation":{"x":0.036982305347919467,"y":-0.7678571343421936,"z":0.04450589045882225,"w":0.6380063891410828},"size":0.26696768403053286,"orthographic":false}