{"cameraMode":{"drawMode":0,"name":"Shaded","section":"Shading Mode"},"sceneLighting":false,"audioPlay":false,"sceneViewState":{"m_AlwaysRefresh":false,"showFog":true,"showSkybox":false,"showFlares":true,"showImageEffects":true,"showParticleSystems":true,"showVisualEffectGraphs":true,"m_FxEnabled":true},"in2DMode":false,"pivot":{"x":42.72933578491211,"y":3.401564121246338,"z":-2.7854185104370119},"rotation":{"x":0.10421290248632431,"y":0.0074609494768083099,"z":-0.0007552808383479714,"w":0.9946082830429077},"size":10.869771957397461,"orthographic":false}