{"cameraMode":{"drawMode":0,"name":"Shaded","section":"Shading Mode"},"sceneLighting":true,"audioPlay":false,"sceneViewState":{"m_AlwaysRefresh":false,"showFog":true,"showSkybox":true,"showFlares":true,"showImageEffects":true,"showParticleSystems":true,"showVisualEffectGraphs":true,"m_FxEnabled":true},"in2DMode":false,"pivot":{"x":-3.293240785598755,"y":-1.8750910758972169,"z":60.88540267944336},"rotation":{"x":0.05097441375255585,"y":0.011983901262283326,"z":-0.0006122295744717121,"w":0.9986317157745361},"size":43.6216926574707,"orthographic":false}