{"cameraMode":{"drawMode":0,"name":"Shaded","section":"Shading Mode"},"sceneLighting":true,"audioPlay":false,"sceneViewState":{"m_AlwaysRefresh":false,"showFog":true,"showSkybox":true,"showFlares":true,"showImageEffects":true,"showParticleSystems":true,"showVisualEffectGraphs":true,"m_FxEnabled":true},"in2DMode":false,"pivot":{"x":75.23963928222656,"y":10.82177448272705,"z":-37.01175308227539},"rotation":{"x":0.10570578277111054,"y":0.005969669669866562,"z":-0.0005925859441049397,"w":0.9944595098495483},"size":1.1994001865386963,"orthographic":false}