{"cameraMode":{"drawMode":0,"name":"Shaded","section":"Shading Mode"},"sceneLighting":true,"audioPlay":false,"sceneViewState":{"m_AlwaysRefresh":false,"showFog":true,"showSkybox":true,"showFlares":true,"showImageEffects":true,"showParticleSystems":true,"showVisualEffectGraphs":true,"m_FxEnabled":true},"in2DMode":false,"pivot":{"x":34.39676284790039,"y":6.609638690948486,"z":-2.2627668380737306},"rotation":{"x":-0.018580831587314607,"y":-0.049476128071546558,"z":-0.0009167375392280519,"w":0.9986743330955505},"size":5.5140485763549809,"orthographic":false}