{"cameraMode":{"drawMode":0,"name":"Shaded","section":"Shading Mode"},"sceneLighting":false,"audioPlay":false,"sceneViewState":{"m_AlwaysRefresh":false,"showFog":true,"showSkybox":false,"showFlares":true,"showImageEffects":true,"showParticleSystems":true,"showVisualEffectGraphs":true,"m_FxEnabled":true},"in2DMode":false,"pivot":{"x":3.705507755279541,"y":1.7517657279968262,"z":-7.841325759887695},"rotation":{"x":0.10271663218736649,"y":-0.007460327353328466,"z":0.0007691463106311858,"w":0.9947183132171631},"size":8.300524711608887,"orthographic":false}